filename,label
unknown_0001.__0,0
unknown_0001.__1,0
unknown_0002.__0,0
unknown_0002.__1,0
unknown_0003.__0,0
unknown_0003.__1,0
unknown_0004.__0,0
unknown_0004.__1,0
unknown_0004.__2,0
unknown_0004.__3,0
unknown_0005.__0,0
unknown_0005.__1,0
unknown_0005.__2,0
unknown_0006.__0,0
unknown_0006.__1,0
unknown_0006.__2,0
unknown_0007.__0,0
unknown_0007.__1,0
unknown_0007.__2,0
unknown_0008.__0,0
unknown_0008.__1,0
unknown_0008.__2,0
unknown_0009.__0,0
unknown_0010.__0,0
unknown_0010.__1,0
unknown_0011.__0,0
unknown_0011.__1,0
unknown_0012.__0,0
unknown_0012.__1,0
unknown_0013.__0,0
unknown_0014.__0,0
unknown_0015.__0,0
unknown_0016.__0,0
unknown_0016.__1,0
unknown_0016.__2,0
unknown_0016.__3,0
unknown_0016.__4,0
unknown_0016.__5,0
unknown_0016.__6,0
unknown_0017.__0,0
unknown_0017.__1,0
unknown_0017.__2,0
unknown_0017.__3,0
unknown_0017.__4,0
unknown_0017.__5,0
unknown_0018.__0,0
unknown_0018.__1,0
unknown_0018.__2,0
unknown_0018.__3,0
unknown_0018.__4,0
unknown_0018.__5,0
unknown_0019.__0,0
unknown_0019.__1,0
unknown_0019.__2,0
unknown_0019.__3,0
unknown_0019.__4,0
unknown_0020.__0,0
unknown_0020.__1,0
unknown_0020.__2,0
unknown_0020.__3,0
unknown_0021.__0,0
unknown_0021.__1,0
unknown_0021.__2,0
unknown_0021.__3,0
unknown_0022.__0,0
unknown_0022.__1,0
unknown_0022.__2,0
unknown_0022.__3,0
unknown_0023.__0,0
unknown_0023.__1,0
unknown_0023.__2,0
unknown_0023.__3,0
unknown_0024.__0,0
unknown_0024.__1,0
unknown_0024.__2,0
unknown_0024.__3,0
unknown_0025.__0,0
unknown_0025.__1,0
unknown_0025.__2,0
unknown_0025.__3,0
unknown_0026.__0,0
unknown_0026.__1,0
unknown_0026.__2,0
unknown_0026.__3,0
unknown_0027.__0,0
unknown_0027.__1,0
unknown_0027.__2,0
unknown_0027.__3,0
unknown_0028.__0,0
unknown_0028.__1,0
unknown_0028.__2,0
unknown_0028.__3,0
unknown_0029.__0,0
unknown_0029.__1,0
unknown_0029.__2,0
unknown_0029.__3,0
unknown_0030.__0,0
unknown_0030.__1,0
unknown_0030.__2,0
unknown_0030.__3,0
unknown_0031.__0,0
unknown_0031.__1,0
unknown_0031.__2,0
unknown_0031.__3,0
unknown_0032.__0,0
unknown_0032.__1,0
unknown_0032.__2,0
unknown_0032.__3,0
unknown_0033.__0,0
unknown_0033.__1,0
unknown_0033.__2,0
unknown_0034.__0,0
unknown_0034.__1,0
unknown_0034.__2,0
unknown_0035.__0,0
unknown_0035.__1,0
unknown_0035.__2,0
unknown_0036.__0,0
unknown_0036.__1,0
unknown_0036.__2,0
unknown_0037.__0,0
unknown_0037.__1,0
unknown_0037.__2,0
unknown_0038.__0,0
unknown_0038.__1,0
unknown_0038.__2,0
unknown_0039.__0,0
unknown_0039.__1,0
unknown_0039.__2,0
unknown_0040.__0,0
unknown_0040.__1,0
unknown_0040.__2,0
unknown_0041.__0,0
unknown_0041.__1,0
unknown_0041.__2,0
unknown_0042.__0,0
unknown_0042.__1,0
unknown_0042.__2,0
unknown_0043.__0,0
unknown_0043.__1,0
unknown_0043.__2,0
unknown_0044.__0,0
unknown_0044.__1,0
unknown_0044.__2,0
unknown_0045.__0,0
unknown_0045.__1,0
unknown_0045.__2,0
unknown_0046.__0,0
unknown_0046.__1,0
unknown_0046.__2,0
unknown_0047.__0,0
unknown_0047.__1,0
unknown_0047.__2,0
unknown_0048.__0,0
unknown_0048.__1,0
unknown_0048.__2,0
unknown_0049.__0,0
unknown_0049.__1,0
unknown_0049.__2,0
unknown_0050.__0,0
unknown_0050.__1,0
unknown_0050.__2,0
unknown_0051.__0,0
unknown_0051.__1,0
unknown_0051.__2,0
unknown_0052.__0,0
unknown_0052.__1,0
unknown_0052.__2,0
unknown_0053.__0,0
unknown_0053.__1,0
unknown_0053.__2,0
unknown_0054.__0,0
unknown_0054.__1,0
unknown_0054.__2,0
unknown_0055.__0,0
unknown_0055.__1,0
unknown_0055.__2,0
unknown_0056.__0,0
unknown_0056.__1,0
unknown_0056.__2,0
unknown_0057.__0,0
unknown_0057.__1,0
unknown_0057.__2,0
unknown_0058.__0,0
unknown_0058.__1,0
unknown_0058.__2,0
unknown_0059.__0,0
unknown_0059.__1,0
unknown_0059.__2,0
unknown_0060.__0,0
unknown_0060.__1,0
unknown_0060.__2,0
unknown_0061.__0,0
unknown_0061.__1,0
unknown_0062.__0,0
unknown_0062.__1,0
unknown_0063.__0,0
unknown_0063.__1,0
unknown_0064.__0,0
unknown_0064.__1,0
unknown_0065.__0,0
unknown_0065.__1,0
unknown_0066.__0,0
unknown_0066.__1,0
unknown_0067.__0,0
unknown_0067.__1,0
unknown_0068.__0,0
unknown_0068.__1,0
unknown_0069.__0,0
unknown_0069.__1,0
unknown_0070.__0,0
unknown_0070.__1,0
unknown_0071.__0,0
unknown_0071.__1,0
unknown_0072.__0,0
unknown_0072.__1,0
unknown_0073.__0,0
unknown_0073.__1,0
unknown_0074.__0,0
unknown_0074.__1,0
unknown_0075.__0,0
unknown_0075.__1,0
unknown_0076.__0,0
unknown_0076.__1,0
unknown_0077.__0,0
unknown_0077.__1,0
unknown_0078.__0,0
unknown_0078.__1,0
unknown_0079.__0,0
unknown_0079.__1,0
unknown_0080.__0,0
unknown_0080.__1,0
unknown_0081.__0,0
unknown_0081.__1,0
unknown_0082.__0,0
unknown_0082.__1,0
unknown_0083.__0,0
unknown_0083.__1,0
unknown_0084.__0,0
unknown_0084.__1,0
unknown_0085.__0,0
unknown_0085.__1,0
unknown_0086.__0,0
unknown_0086.__1,0
unknown_0087.__0,0
unknown_0087.__1,0
unknown_0088.__0,0
unknown_0088.__1,0
unknown_0089.__0,0
unknown_0089.__1,0
unknown_0090.__0,0
unknown_0090.__1,0
unknown_0091.__0,0
unknown_0091.__1,0
unknown_0092.__0,0
unknown_0092.__1,0
unknown_0093.__0,0
unknown_0093.__1,0
unknown_0094.__0,0
unknown_0094.__1,0
unknown_0095.__0,0
unknown_0095.__1,0
unknown_0096.__0,0
unknown_0096.__1,0
unknown_0097.__0,0
unknown_0097.__1,0
unknown_0098.__0,0
unknown_0098.__1,0
unknown_0099.__0,0
unknown_0099.__1,0
unknown_0100.__0,0
unknown_0100.__1,0
unknown_0101.__0,0
unknown_0101.__1,0
unknown_0102.__0,0
unknown_0102.__1,0
unknown_0103.__0,0
unknown_0103.__1,0
unknown_0104.__0,0
unknown_0105.__0,0
unknown_0106.__0,0
unknown_0107.__0,0
unknown_0108.__0,0
unknown_0109.__0,0
unknown_0110.__0,0
unknown_0111.__0,0
unknown_0112.__0,0
unknown_0113.__0,0
unknown_0114.__0,0
unknown_0115.__0,0
unknown_0116.__0,0
unknown_0117.__0,0
unknown_0118.__0,0
unknown_0119.__0,0
unknown_0120.__0,0
unknown_0121.__0,0
unknown_0122.__0,0
unknown_0123.__0,0
unknown_0124.__0,0
unknown_0125.__0,0
unknown_0126.__0,0
unknown_0127.__0,0
unknown_0128.__0,0
unknown_0129.__0,0
unknown_0130.__0,0
unknown_0131.__0,0
unknown_0132.__0,0
unknown_0133.__0,0
unknown_0134.__0,0
unknown_0135.__0,0
unknown_0136.__0,0
unknown_0137.__0,0
